sep=,
"Plate name","Plate ID","Plate type","Well","Sample/NTC/Control","Type","Reaction Mix","Target (Name)","Target (IC)","Target (Type)","Conc. [cp/µL] (dPCR reaction)","Conc. [-] (dPCR reaction)","CI (95%) (dPCR reaction)","Conc. [cp/µL] (undiluted sample)","Conc. [-] (undiluted sample)","Edited fraction","CI (95%)","Concentration factor","Template volume [µl]","Total volume [µl]","Conversion factor","Conversion unit"
"rPCR_20250916 KIF13A","5b5e5735-8994-4926-983f-d568569fa30e","Nanoplate 8.5K 96-well","A1","CalA_0","Sample","KIF13A","Incl","-","ET","0.000","-","-","0.000","-","0%","-","1","1","10","-","-"
"","","","A1","CalA_0","Sample","KIF13A","Excl","-","WT","2071.8","-","3.2%","20717.9","-","-","-","1","1","10","-","-"
"","","","A2","CalA_5","Sample","KIF13A","Incl","-","ET","109.6","-","11.8%","1096.3","-","5.0108%","12%","1","1","10","-","-"
"","","","A2","CalA_5","Sample","KIF13A","Excl","-","WT","2078.2","-","3.2%","20782.0","-","-","-","1","1","10","-","-"
"","","","A3","CalA_15","Sample","KIF13A","Incl","-","ET","292.2","-","7.3%","2922.0","-","15.3816%","7%","1","1","10","-","-"
"","","","A3","CalA_15","Sample","KIF13A","Excl","-","WT","1607.5","-","3.5%","16074.8","-","-","-","1","1","10","-","-"
"","","","A4","CalA_25","Sample","KIF13A","Incl","-","ET","479.7","-","5.8%","4796.7","-","26.2901%","5%","1","1","10","-","-"
"","","","A4","CalA_25","Sample","KIF13A","Excl","-","WT","1344.9","-","3.8%","13448.5","-","-","-","1","1","10","-","-"
"","","","A5","CalA_35","Sample","KIF13A","Incl","-","ET","602.1","-","5.2%","6020.9","-","34.5469%","4%","1","1","10","-","-"
"","","","A5","CalA_35","Sample","KIF13A","Excl","-","WT","1140.7","-","4.0%","11407.3","-","-","-","1","1","10","-","-"
"","","","A6","CalA_50","Sample","KIF13A","Incl","-","ET","889.8","-","4.6%","8898.4","-","50.2624%","3%","1","1","10","-","-"
"","","","A6","CalA_50","Sample","KIF13A","Excl","-","WT","880.5","-","4.6%","8805.5","-","-","-","1","1","10","-","-"
"","","","A7","CalA_65","Sample","KIF13A","Incl","-","ET","1128.1","-","4.0%","11281.2","-","64.0797%","2%","1","1","10","-","-"
"","","","A7","CalA_65","Sample","KIF13A","Excl","-","WT","632.4","-","5.2%","6323.8","-","-","-","1","1","10","-","-"
"","","","A8","CalA_75","Sample","KIF13A","Incl","-","ET","1350.1","-","3.8%","13501.3","-","72.8687%","2%","1","1","10","-","-"
"","","","A8","CalA_75","Sample","KIF13A","Excl","-","WT","502.7","-","5.7%","5027.0","-","-","-","1","1","10","-","-"
"","","","A9","CalA_85","Sample","KIF13A","Incl","-","ET","1512.9","-","3.6%","15129.3","-","85.1447%","1%","1","1","10","-","-"
"","","","A9","CalA_85","Sample","KIF13A","Excl","-","WT","264.0","-","7.7%","2639.6","-","-","-","1","1","10","-","-"
"","","","A10","CalA_95","Sample","KIF13A","Incl","-","ET","1807.9","-","3.4%","18079.5","-","95.4447%","1%","1","1","10","-","-"
"","","","A10","CalA_95","Sample","KIF13A","Excl","-","WT","86.29","-","13.4%","862.9","-","-","-","1","1","10","-","-"
"","","","A11","CalA_100","Sample","KIF13A","Incl","-","ET","1876.9","-","3.3%","18769.0","-","99.8126%","0%","1","1","10","-","-"
"","","","A11","CalA_100","Sample","KIF13A","Excl","-","WT","3.524","-","65.3%","35.24","-","-","-","1","1","10","-","-"
"","","","A12","NTC","Non Template Control","KIF13A","Incl","-","ET","0.383","-","147.5%","-","-","100.0000%","3%","-","-","10","-","-"
"","","","A12","NTC","Non Template Control","KIF13A","Excl","-","WT","0.000","-","-","-","-","-","-","-","-","10","-","-"
"","","","B1","CalA_0","Sample","KIF13A","Incl","-","ET","0.000","-","-","0.000","-","0%","-","1","1","10","-","-"
"","","","B1","CalA_0","Sample","KIF13A","Excl","-","WT","1987.8","-","3.3%","19877.9","-","-","-","1","1","10","-","-"
"","","","B2","CalA_5","Sample","KIF13A","Incl","-","ET","104.5","-","12.2%","1045.4","-","4.7304%","12%","1","1","10","-","-"
"","","","B2","CalA_5","Sample","KIF13A","Excl","-","WT","2105.5","-","3.2%","21055.0","-","-","-","1","1","10","-","-"
"","","","B3","CalA_15","Sample","KIF13A","Incl","-","ET","292.3","-","7.4%","2923.5","-","15.1401%","7%","1","1","10","-","-"
"","","","B3","CalA_15","Sample","KIF13A","Excl","-","WT","1638.6","-","3.5%","16386.1","-","-","-","1","1","10","-","-"
"","","","B4","CalA_25","Sample","KIF13A","Incl","-","ET","456.1","-","6.1%","4560.7","-","24.6460%","5%","1","1","10","-","-"
"","","","B4","CalA_25","Sample","KIF13A","Excl","-","WT","1394.4","-","3.8%","13944.2","-","-","-","1","1","10","-","-"
"","","","B5","CalA_35","Sample","KIF13A","Incl","-","ET","639.9","-","5.2%","6398.9","-","35.3823%","4%","1","1","10","-","-"
"","","","B5","CalA_35","Sample","KIF13A","Excl","-","WT","1168.6","-","4.0%","11686.1","-","-","-","1","1","10","-","-"
"","","","B6","CalA_50","Sample","KIF13A","Incl","-","ET","848.5","-","4.6%","8484.7","-","48.2492%","3%","1","1","10","-","-"
"","","","B6","CalA_50","Sample","KIF13A","Excl","-","WT","910.0","-","4.5%","9100.4","-","-","-","1","1","10","-","-"
"","","","B7","CalA_65","Sample","KIF13A","Incl","-","ET","1138.8","-","4.1%","11388.5","-","64.6073%","2%","1","1","10","-","-"
"","","","B7","CalA_65","Sample","KIF13A","Excl","-","WT","623.9","-","5.3%","6238.7","-","-","-","1","1","10","-","-"
"","","","B8","CalA_75","Sample","KIF13A","Incl","-","ET","1348.0","-","3.8%","13480.2","-","72.9999%","2%","1","1","10","-","-"
"","","","B8","CalA_75","Sample","KIF13A","Excl","-","WT","498.6","-","5.8%","4985.9","-","-","-","1","1","10","-","-"
"","","","B9","CalA_85","Sample","KIF13A","Incl","-","ET","1487.5","-","3.6%","14874.8","-","84.7408%","1%","1","1","10","-","-"
"","","","B9","CalA_85","Sample","KIF13A","Excl","-","WT","267.8","-","7.8%","2678.5","-","-","-","1","1","10","-","-"
"","","","B10","CalA_95","Sample","KIF13A","Incl","-","ET","1750.0","-","3.4%","17499.8","-","95.2645%","1%","1","1","10","-","-"
"","","","B10","CalA_95","Sample","KIF13A","Excl","-","WT","86.99","-","13.4%","869.9","-","-","-","1","1","10","-","-"
"","","","B11","CalA_100","Sample","KIF13A","Incl","-","ET","1816.7","-","3.3%","18167.3","-","99.8704%","0%","1","1","10","-","-"
"","","","B11","CalA_100","Sample","KIF13A","Excl","-","WT","2.358","-","80.0%","23.58","-","-","-","1","1","10","-","-"
"","","","B12","NTC","Non Template Control","KIF13A","Incl","-","ET","0.000","-","-","-","-","-","-","-","-","10","-","-"
"","","","B12","NTC","Non Template Control","KIF13A","Excl","-","WT","0.000","-","-","-","-","-","-","-","-","10","-","-"
"","","","C1","CalA_0","Sample","KIF13A","Incl","-","ET","1.555","-","98.0%","15.55","-","0.0785%","98%","1","1","10","-","-"
"","","","C1","CalA_0","Sample","KIF13A","Excl","-","WT","1979.3","-","3.2%","19793.3","-","-","-","1","1","10","-","-"
"","","","C2","CalA_5","Sample","KIF13A","Incl","-","ET","92.27","-","12.9%","922.7","-","4.2446%","13%","1","1","10","-","-"
"","","","C2","CalA_5","Sample","KIF13A","Excl","-","WT","2081.7","-","3.2%","20816.5","-","-","-","1","1","10","-","-"
"","","","C3","CalA_15","Sample","KIF13A","Incl","-","ET","306.2","-","7.3%","3061.8","-","15.6396%","7%","1","1","10","-","-"
"","","","C3","CalA_15","Sample","KIF13A","Excl","-","WT","1651.5","-","3.5%","16515.3","-","-","-","1","1","10","-","-"
"","","","C4","CalA_25","Sample","KIF13A","Incl","-","ET","446.6","-","6.2%","4465.8","-","24.3379%","6%","1","1","10","-","-"
"","","","C4","CalA_25","Sample","KIF13A","Excl","-","WT","1388.3","-","3.8%","13883.3","-","-","-","1","1","10","-","-"
"","","","C5","CalA_35","Sample","KIF13A","Incl","-","ET","600.7","-","5.4%","6007.0","-","33.7853%","4%","1","1","10","-","-"
"","","","C5","CalA_35","Sample","KIF13A","Excl","-","WT","1177.3","-","4.0%","11773.0","-","-","-","1","1","10","-","-"
"","","","C6","CalA_50","Sample","KIF13A","Incl","-","ET","849.5","-","4.7%","8494.6","-","46.9567%","3%","1","1","10","-","-"
"","","","C6","CalA_50","Sample","KIF13A","Excl","-","WT","959.6","-","4.4%","9595.7","-","-","-","1","1","10","-","-"
"","","","C7","CalA_65","Sample","KIF13A","Incl","-","ET","1111.1","-","4.2%","11110.9","-","63.6803%","2%","1","1","10","-","-"
"","","","C7","CalA_65","Sample","KIF13A","Excl","-","WT","633.7","-","5.3%","6337.0","-","-","-","1","1","10","-","-"
"","","","C8","CalA_75","Sample","KIF13A","Incl","-","ET","1313.5","-","3.9%","13134.5","-","73.1311%","2%","1","1","10","-","-"
"","","","C8","CalA_75","Sample","KIF13A","Excl","-","WT","482.6","-","6.0%","4825.7","-","-","-","1","1","10","-","-"
"","","","C9","CalA_85","Sample","KIF13A","Incl","-","ET","1526.4","-","3.6%","15264.4","-","84.3536%","1%","1","1","10","-","-"
"","","","C9","CalA_85","Sample","KIF13A","Excl","-","WT","283.1","-","7.6%","2831.3","-","-","-","1","1","10","-","-"
"","","","C10","CalA_95","Sample","KIF13A","Incl","-","ET","1766.3","-","3.4%","17662.6","-","94.9077%","1%","1","1","10","-","-"
"","","","C10","CalA_95","Sample","KIF13A","Excl","-","WT","94.77","-","13.0%","947.7","-","-","-","1","1","10","-","-"
"","","","C11","CalA_100","Sample","KIF13A","Incl","-","ET","1844.3","-","3.4%","18443.1","-","99.8010%","0%","1","1","10","-","-"
"","","","C11","CalA_100","Sample","KIF13A","Excl","-","WT","3.678","-","65.3%","36.78","-","-","-","1","1","10","-","-"
"","","","C12","NTC","Non Template Control","KIF13A","Incl","-","ET","0.394","-","147.5%","-","-","100.0000%","3%","-","-","10","-","-"
"","","","C12","NTC","Non Template Control","KIF13A","Excl","-","WT","0.000","-","-","-","-","-","-","-","-","10","-","-"
"","","","D1","CalA_0","Sample","KIF13A","Incl","-","ET","0.000","-","-","0.000","-","0%","-","1","1","10","-","-"
"","","","D1","CalA_0","Sample","KIF13A","Excl","-","WT","2016.0","-","3.3%","20159.7","-","-","-","1","1","10","-","-"
"","","","D2","CalA_5","Sample","KIF13A","Incl","-","ET","99.31","-","12.6%","993.1","-","4.5466%","12%","1","1","10","-","-"
"","","","D2","CalA_5","Sample","KIF13A","Excl","-","WT","2085.0","-","3.2%","20849.9","-","-","-","1","1","10","-","-"
"","","","D3","CalA_15","Sample","KIF13A","Incl","-","ET","281.9","-","7.6%","2818.6","-","14.5571%","7%","1","1","10","-","-"
"","","","D3","CalA_15","Sample","KIF13A","Excl","-","WT","1654.4","-","3.5%","16543.5","-","-","-","1","1","10","-","-"
"","","","D4","CalA_25","Sample","KIF13A","Incl","-","ET","442.3","-","6.2%","4422.5","-","24.3096%","6%","1","1","10","-","-"
"","","","D4","CalA_25","Sample","KIF13A","Excl","-","WT","1377.0","-","3.8%","13770.0","-","-","-","1","1","10","-","-"
"","","","D5","CalA_35","Sample","KIF13A","Incl","-","ET","628.0","-","5.4%","6280.4","-","35.3592%","4%","1","1","10","-","-"
"","","","D5","CalA_35","Sample","KIF13A","Excl","-","WT","1148.1","-","4.2%","11481.3","-","-","-","1","1","10","-","-"
"","","","D6","CalA_50","Sample","KIF13A","Incl","-","ET","892.0","-","4.7%","8920.5","-","49.6329%","3%","1","1","10","-","-"
"","","","D6","CalA_50","Sample","KIF13A","Excl","-","WT","905.2","-","4.6%","9052.5","-","-","-","1","1","10","-","-"
"","","","D7","CalA_65","Sample","KIF13A","Incl","-","ET","1150.1","-","4.1%","11500.6","-","65.6170%","2%","1","1","10","-","-"
"","","","D7","CalA_65","Sample","KIF13A","Excl","-","WT","602.6","-","5.4%","6026.3","-","-","-","1","1","10","-","-"
"","","","D8","CalA_75","Sample","KIF13A","Incl","-","ET","1406.0","-","3.8%","14059.8","-","73.5266%","2%","1","1","10","-","-"
"","","","D8","CalA_75","Sample","KIF13A","Excl","-","WT","506.2","-","5.9%","5062.3","-","-","-","1","1","10","-","-"
"","","","D9","CalA_85","Sample","KIF13A","Incl","-","ET","1546.3","-","3.7%","15462.7","-","84.4644%","1%","1","1","10","-","-"
"","","","D9","CalA_85","Sample","KIF13A","Excl","-","WT","284.4","-","7.7%","2844.1","-","-","-","1","1","10","-","-"
"","","","D10","CalA_95","Sample","KIF13A","Incl","-","ET","1638.2","-","3.5%","16381.5","-","94.7429%","1%","1","1","10","-","-"
"","","","D10","CalA_95","Sample","KIF13A","Excl","-","WT","90.90","-","13.3%","909.0","-","-","-","1","1","10","-","-"
"","","","D11","CalA_100","Sample","KIF13A","Incl","-","ET","1887.2","-","3.3%","18871.5","-","99.6959%","0%","1","1","10","-","-"
"","","","D11","CalA_100","Sample","KIF13A","Excl","-","WT","5.756","-","52.4%","57.56","-","-","-","1","1","10","-","-"
"","","","D12","NTC","Non Template Control","KIF13A","Incl","-","ET","0.000","-","-","-","-","-","-","-","-","10","-","-"
"","","","D12","NTC","Non Template Control","KIF13A","Excl","-","WT","0.000","-","-","-","-","-","-","-","-","10","-","-"
"","","","E1","CalB_0","Sample","KIF13A","Incl","-","ET","0.000","-","-","0.000","-","0%","-","1","1","10","-","-"
"","","","E1","CalB_0","Sample","KIF13A","Excl","-","WT","1878.1","-","3.3%","18780.8","-","-","-","1","1","10","-","-"
"","","","E2","CalB_10","Sample","KIF13A","Incl","-","ET","216.4","-","8.7%","2163.7","-","10.4563%","8%","1","1","10","-","-"
"","","","E2","CalB_10","Sample","KIF13A","Excl","-","WT","1852.9","-","3.4%","18529.2","-","-","-","1","1","10","-","-"
"","","","E3","CalB_20","Sample","KIF13A","Incl","-","ET","408.4","-","6.5%","4083.9","-","20.0657%","6%","1","1","10","-","-"
"","","","E3","CalB_20","Sample","KIF13A","Excl","-","WT","1626.9","-","3.6%","16269.0","-","-","-","1","1","10","-","-"
"","","","E4","CalB_30","Sample","KIF13A","Incl","-","ET","551.3","-","5.7%","5512.5","-","29.7129%","5%","1","1","10","-","-"
"","","","E4","CalB_30","Sample","KIF13A","Excl","-","WT","1304.0","-","3.9%","13040.2","-","-","-","1","1","10","-","-"
"","","","E5","CalB_40","Sample","KIF13A","Incl","-","ET","764.9","-","4.9%","7649.0","-","40.6623%","4%","1","1","10","-","-"
"","","","E5","CalB_40","Sample","KIF13A","Excl","-","WT","1116.2","-","4.2%","11162.0","-","-","-","1","1","10","-","-"
"","","","E6","CalB_50","Sample","KIF13A","Incl","-","ET","918.9","-","4.5%","9189.5","-","48.4499%","3%","1","1","10","-","-"
"","","","E6","CalB_50","Sample","KIF13A","Excl","-","WT","977.8","-","4.4%","9777.5","-","-","-","1","1","10","-","-"
"","","","E7","CalB_60","Sample","KIF13A","Incl","-","ET","1090.7","-","4.2%","10906.5","-","59.1031%","3%","1","1","10","-","-"
"","","","E7","CalB_60","Sample","KIF13A","Excl","-","WT","754.7","-","4.9%","7546.9","-","-","-","1","1","10","-","-"
"","","","E8","CalB_70","Sample","KIF13A","Incl","-","ET","1346.0","-","3.8%","13459.8","-","68.5114%","2%","1","1","10","-","-"
"","","","E8","CalB_70","Sample","KIF13A","Excl","-","WT","618.6","-","5.3%","6186.3","-","-","-","1","1","10","-","-"
"","","","E9","CalB_80","Sample","KIF13A","Incl","-","ET","1359.1","-","4.5%","13591.3","-","76.6980%","2%","1","1","10","-","-"
"","","","E9","CalB_80","Sample","KIF13A","Excl","-","WT","412.9","-","7.5%","4129.2","-","-","-","1","1","10","-","-"
"","","","E10","CalB_90","Sample","KIF13A","Incl","-","ET","1765.3","-","3.5%","17653.2","-","89.8909%","1%","1","1","10","-","-"
"","","","E10","CalB_90","Sample","KIF13A","Excl","-","WT","198.5","-","9.1%","1985.3","-","-","-","1","1","10","-","-"
"","","","E11","CalB_100","Sample","KIF13A","Incl","-","ET","1913.3","-","3.3%","19133.0","-","99.6191%","0%","1","1","10","-","-"
"","","","E11","CalB_100","Sample","KIF13A","Excl","-","WT","7.316","-","46.2%","73.16","-","-","-","1","1","10","-","-"
"","","","E12","NTC","Non Template Control","KIF13A","Incl","-","ET","0.000","-","-","-","-","-","-","-","-","10","-","-"
"","","","E12","NTC","Non Template Control","KIF13A","Excl","-","WT","0.000","-","-","-","-","-","-","-","-","10","-","-"
"","","","F1","CalB_0","Sample","KIF13A","Incl","-","ET","0.000","-","-","0.000","-","0%","-","1","1","10","-","-"
"","","","F1","CalB_0","Sample","KIF13A","Excl","-","WT","1880.5","-","3.3%","18804.9","-","-","-","1","1","10","-","-"
"","","","F2","CalB_10","Sample","KIF13A","Incl","-","ET","209.8","-","8.7%","2097.7","-","10.3227%","8%","1","1","10","-","-"
"","","","F2","CalB_10","Sample","KIF13A","Excl","-","WT","1822.3","-","3.4%","18223.2","-","-","-","1","1","10","-","-"
"","","","F3","CalB_20","Sample","KIF13A","Incl","-","ET","385.8","-","6.6%","3858.0","-","20.0195%","6%","1","1","10","-","-"
"","","","F3","CalB_20","Sample","KIF13A","Excl","-","WT","1541.3","-","3.6%","15413.3","-","-","-","1","1","10","-","-"
"","","","F4","CalB_30","Sample","KIF13A","Incl","-","ET","531.8","-","5.7%","5318.2","-","29.1978%","5%","1","1","10","-","-"
"","","","F4","CalB_30","Sample","KIF13A","Excl","-","WT","1289.6","-","3.9%","12896.1","-","-","-","1","1","10","-","-"
"","","","F5","CalB_40","Sample","KIF13A","Incl","-","ET","756.2","-","4.9%","7562.1","-","40.4982%","4%","1","1","10","-","-"
"","","","F5","CalB_40","Sample","KIF13A","Excl","-","WT","1111.1","-","4.2%","11110.5","-","-","-","1","1","10","-","-"
"","","","F6","CalB_50","Sample","KIF13A","Incl","-","ET","981.6","-","4.4%","9815.7","-","51.3085%","3%","1","1","10","-","-"
"","","","F6","CalB_50","Sample","KIF13A","Excl","-","WT","931.5","-","4.5%","9315.1","-","-","-","1","1","10","-","-"
"","","","F7","CalB_60","Sample","KIF13A","Incl","-","ET","1109.6","-","4.2%","11095.9","-","60.3954%","3%","1","1","10","-","-"
"","","","F7","CalB_60","Sample","KIF13A","Excl","-","WT","727.6","-","5.0%","7276.2","-","-","-","1","1","10","-","-"
"","","","F8","CalB_70","Sample","KIF13A","Incl","-","ET","1317.0","-","3.9%","13170.5","-","69.6640%","2%","1","1","10","-","-"
"","","","F8","CalB_70","Sample","KIF13A","Excl","-","WT","573.5","-","5.6%","5735.2","-","-","-","1","1","10","-","-"
"","","","F9","CalB_80","Sample","KIF13A","Incl","-","ET","1456.2","-","3.8%","14562.1","-","79.4975%","2%","1","1","10","-","-"
"","","","F9","CalB_80","Sample","KIF13A","Excl","-","WT","375.6","-","6.8%","3755.6","-","-","-","1","1","10","-","-"
"","","","F10","CalB_90","Sample","KIF13A","Incl","-","ET","1852.0","-","3.4%","18520.2","-","90.3370%","1%","1","1","10","-","-"
"","","","F10","CalB_90","Sample","KIF13A","Excl","-","WT","198.1","-","9.2%","1981.0","-","-","-","1","1","10","-","-"
"","","","F11","CalB_100","Sample","KIF13A","Incl","-","ET","1864.6","-","3.4%","18646.2","-","99.7812%","0%","1","1","10","-","-"
"","","","F11","CalB_100","Sample","KIF13A","Excl","-","WT","4.089","-","62.0%","40.89","-","-","-","1","1","10","-","-"
"","","","F12","NTC","Non Template Control","KIF13A","Incl","-","ET","0.000","-","-","-","-","-","-","-","-","10","-","-"
"","","","F12","NTC","Non Template Control","KIF13A","Excl","-","WT","0.000","-","-","-","-","-","-","-","-","10","-","-"
"","","","G1","CalB_0","Sample","KIF13A","Incl","-","ET","0.773","-","119.1%","7.731","-","0.0415%","119%","1","1","10","-","-"
"","","","G1","CalB_0","Sample","KIF13A","Excl","-","WT","1860.8","-","3.3%","18607.6","-","-","-","1","1","10","-","-"
"","","","G2","CalB_10","Sample","KIF13A","Incl","-","ET","214.8","-","8.6%","2148.5","-","10.4598%","8%","1","1","10","-","-"
"","","","G2","CalB_10","Sample","KIF13A","Excl","-","WT","1839.2","-","3.3%","18392.1","-","-","-","1","1","10","-","-"
"","","","G3","CalB_20","Sample","KIF13A","Incl","-","ET","397.0","-","6.5%","3969.8","-","20.2868%","6%","1","1","10","-","-"
"","","","G3","CalB_20","Sample","KIF13A","Excl","-","WT","1559.8","-","3.6%","15598.5","-","-","-","1","1","10","-","-"
"","","","G4","CalB_30","Sample","KIF13A","Incl","-","ET","569.5","-","5.5%","5695.2","-","30.2185%","5%","1","1","10","-","-"
"","","","G4","CalB_30","Sample","KIF13A","Excl","-","WT","1315.1","-","3.9%","13151.5","-","-","-","1","1","10","-","-"
"","","","G5","CalB_40","Sample","KIF13A","Incl","-","ET","788.1","-","4.8%","7881.3","-","41.2205%","4%","1","1","10","-","-"
"","","","G5","CalB_40","Sample","KIF13A","Excl","-","WT","1123.9","-","4.1%","11238.5","-","-","-","1","1","10","-","-"
"","","","G6","CalB_50","Sample","KIF13A","Incl","-","ET","972.5","-","4.4%","9725.1","-","51.0063%","3%","1","1","10","-","-"
"","","","G6","CalB_50","Sample","KIF13A","Excl","-","WT","934.1","-","4.5%","9341.3","-","-","-","1","1","10","-","-"
"","","","G7","CalB_60","Sample","KIF13A","Incl","-","ET","1181.9","-","4.0%","11819.1","-","61.1427%","2%","1","1","10","-","-"
"","","","G7","CalB_60","Sample","KIF13A","Excl","-","WT","751.1","-","4.9%","7511.2","-","-","-","1","1","10","-","-"
"","","","G8","CalB_70","Sample","KIF13A","Incl","-","ET","1346.4","-","3.8%","13464.2","-","69.9654%","2%","1","1","10","-","-"
"","","","G8","CalB_70","Sample","KIF13A","Excl","-","WT","578.0","-","5.5%","5779.9","-","-","-","1","1","10","-","-"
"","","","G9","CalB_80","Sample","KIF13A","Incl","-","ET","1352.4","-","3.8%","13524.3","-","78.2844%","2%","1","1","10","-","-"
"","","","G9","CalB_80","Sample","KIF13A","Excl","-","WT","375.2","-","6.7%","3751.6","-","-","-","1","1","10","-","-"
"","","","G10","CalB_90","Sample","KIF13A","Incl","-","ET","1839.0","-","3.4%","18389.9","-","89.5170%","1%","1","1","10","-","-"
"","","","G10","CalB_90","Sample","KIF13A","Excl","-","WT","215.4","-","8.6%","2153.6","-","-","-","1","1","10","-","-"
"","","","G11","CalB_100","Sample","KIF13A","Incl","-","ET","1920.4","-","3.3%","19204.1","-","99.8743%","0%","1","1","10","-","-"
"","","","G11","CalB_100","Sample","KIF13A","Excl","-","WT","2.416","-","80.0%","24.16","-","-","-","1","1","10","-","-"
"","","","G12","NTC","Non Template Control","KIF13A","Incl","-","ET","0.000","-","-","-","-","-","-","-","-","10","-","-"
"","","","G12","NTC","Non Template Control","KIF13A","Excl","-","WT","0.000","-","-","-","-","-","-","-","-","10","-","-"
"","","","H1","CalB_0","Sample","KIF13A","Incl","-","ET","0.389","-","147.5%","3.886","-","0.0201%","148%","1","1","10","-","-"
"","","","H1","CalB_0","Sample","KIF13A","Excl","-","WT","1929.4","-","3.3%","19293.6","-","-","-","1","1","10","-","-"
"","","","H2","CalB_10","Sample","KIF13A","Incl","-","ET","223.7","-","8.6%","2237.0","-","10.8736%","8%","1","1","10","-","-"
"","","","H2","CalB_10","Sample","KIF13A","Excl","-","WT","1833.6","-","3.4%","18336.1","-","-","-","1","1","10","-","-"
"","","","H3","CalB_20","Sample","KIF13A","Incl","-","ET","399.6","-","6.7%","3995.9","-","20.5900%","6%","1","1","10","-","-"
"","","","H3","CalB_20","Sample","KIF13A","Excl","-","WT","1541.1","-","3.7%","15411.2","-","-","-","1","1","10","-","-"
"","","","H4","CalB_30","Sample","KIF13A","Incl","-","ET","561.1","-","5.4%","5610.9","-","30.8646%","5%","1","1","10","-","-"
"","","","H4","CalB_30","Sample","KIF13A","Excl","-","WT","1256.8","-","3.9%","12568.1","-","-","-","1","1","10","-","-"
"","","","H5","CalB_40","Sample","KIF13A","Incl","-","ET","809.7","-","4.7%","8097.1","-","41.6831%","4%","1","1","10","-","-"
"","","","H5","CalB_40","Sample","KIF13A","Excl","-","WT","1132.8","-","4.1%","11328.2","-","-","-","1","1","10","-","-"
"","","","H6","CalB_50","Sample","KIF13A","Incl","-","ET","988.0","-","4.3%","9879.5","-","50.4330%","3%","1","1","10","-","-"
"","","","H6","CalB_50","Sample","KIF13A","Excl","-","WT","971.0","-","4.3%","9709.9","-","-","-","1","1","10","-","-"
"","","","H7","CalB_60","Sample","KIF13A","Incl","-","ET","1109.1","-","4.1%","11091.1","-","60.2542%","3%","1","1","10","-","-"
"","","","H7","CalB_60","Sample","KIF13A","Excl","-","WT","731.6","-","4.9%","7316.1","-","-","-","1","1","10","-","-"
"","","","H8","CalB_70","Sample","KIF13A","Incl","-","ET","1307.4","-","3.8%","13074.0","-","68.4899%","2%","1","1","10","-","-"
"","","","H8","CalB_70","Sample","KIF13A","Excl","-","WT","601.5","-","5.3%","6015.0","-","-","-","1","1","10","-","-"
"","","","H9","CalB_80","Sample","KIF13A","Incl","-","ET","1323.5","-","3.8%","13235.1","-","77.8607%","2%","1","1","10","-","-"
"","","","H9","CalB_80","Sample","KIF13A","Excl","-","WT","376.3","-","6.6%","3763.3","-","-","-","1","1","10","-","-"
"","","","H10","CalB_90","Sample","KIF13A","Incl","-","ET","1789.9","-","3.4%","17898.6","-","89.5317%","1%","1","1","10","-","-"
"","","","H10","CalB_90","Sample","KIF13A","Excl","-","WT","209.3","-","8.6%","2092.7","-","-","-","1","1","10","-","-"
"","","","H11","CalB_100","Sample","KIF13A","Incl","-","ET","1827.4","-","3.3%","18274.1","-","99.6828%","0%","1","1","10","-","-"
"","","","H11","CalB_100","Sample","KIF13A","Excl","-","WT","5.815","-","50.6%","58.15","-","-","-","1","1","10","-","-"
"","","","H12","NTC","Non Template Control","KIF13A","Incl","-","ET","0.000","-","-","-","-","-","-","-","-","10","-","-"
"","","","H12","NTC","Non Template Control","KIF13A","Excl","-","WT","0.000","-","-","-","-","-","-","-","-","10","-","-"